Vector Length;Block Size;Time
512;1;0.028544
512;2;0.027168
512;4;0.027232
512;8;0.026080
512;16;0.026240
1024;1;0.031968
1024;2;0.029568
1024;4;0.028544
1024;8;0.043808
1024;16;0.043584
2048;1;0.040128
2048;2;0.048256
2048;4;0.037792
2048;8;0.044736
2048;16;0.027616
4096;1;0.066144
4096;2;0.040768
4096;4;0.034912
4096;8;0.031520
4096;16;0.028640