Vector Length;Block Size;Time
512;1;0.076576
512;2;0.064800
512;4;0.049824
512;8;0.045088
512;16;0.034624
1024;1;0.121792
1024;2;0.075328
1024;4;0.054176
1024;8;0.043936
1024;16;0.037696
2048;1;0.206176
2048;2;0.119744
2048;4;0.091264
2048;8;0.055360
2048;16;0.043584
4096;1;0.380576
4096;2;0.222528
4096;4;0.119904
4096;8;0.075872
4096;16;0.055328